pageKey,label,path,title,description,keywords,ogTitle,ogDescription,ogImage,twitterTitle,twitterDescription,twitterImage,canonicalUrl,robots,isActive
home,Home,/,Charotar Education Society — Leading Educational Trust in Gujarat,"Founded in 1916 by Motibhai Amin, Charotar Education Society (CES) manages premier schools, colleges, and institutes across Gujarat, empowering students through quality education.","charotar education society, ces society, education trust gujarat, colleges in anand, schools in vidyanagar, premier education trust",Charotar Education Society | CES | Cesociety,"A charitable education institute in Anand, Gujarat serving generations since 1916 — schools, colleges and hostels offering affordable, high-quality education and holistic development.",https://cesociety.in/android-chrome-512x512.png,Charotar Education Society | CES | Cesociety,"A charitable education institute in Anand, Gujarat serving generations since 1916 — schools, colleges and hostels offering affordable, high-quality education and holistic development.",https://cesociety.in/android-chrome-512x512.png,https://cesociety.in/,"index, follow",TRUE
about,About Us,/about,"About Charotar Education Society — Heritage, Vision & Mission","Learn about the rich 100+ year legacy of Charotar Education Society, our founding visionaries, governing board, and mission to advance education across Gujarat.","about ces, motibhai amin, ces legacy, charotar education society history, ces mission vision","About Charotar Education Society — Heritage, Vision & Mission","Learn about the rich 100+ year legacy of Charotar Education Society, our founding visionaries, governing board, and mission to advance education across Gujarat.",https://cesociety.in/assets/images/hero/about.png,"About Charotar Education Society — Heritage, Vision & Mission","Learn about the rich 100+ year legacy of Charotar Education Society, our founding visionaries, governing board, and mission to advance education across Gujarat.",https://cesociety.in/assets/images/hero/about.png,https://cesociety.in/about,"index, follow",TRUE
academic/colleges,Colleges & Higher Education,/academic/colleges,Degree & Diploma Colleges | Charotar Education Society,"Explore undergraduate and postgraduate colleges under CES offering programs in Science, Arts, Commerce, Pharmacy, Management, and Applied Sciences.","ces colleges, mb patel science college, degree colleges anand, bsc msc colleges gujarat",Degree & Diploma Colleges | Charotar Education Society,"Explore undergraduate and postgraduate colleges under CES offering programs in Science, Arts, Commerce, Pharmacy, Management, and Applied Sciences.",https://cesociety.in/assets/images/hero/college.jpeg,Degree & Diploma Colleges | Charotar Education Society,"Explore undergraduate and postgraduate colleges under CES offering programs in Science, Arts, Commerce, Pharmacy, Management, and Applied Sciences.",https://cesociety.in/assets/images/hero/college.jpeg,https://cesociety.in/academic/colleges,"index, follow",TRUE
academic/hostels,Hostel Facilities,/academic/hostels,Boys & Girls Campus Hostels | Charotar Education Society,"Safe, comfortable, and affordable on-campus hostel accommodation with hygienic dining, 24/7 security, Wi-Fi, and recreation for outstation students.","ces hostels, student accommodation anand, boys hostel, girls hostel vidyanagar",Boys & Girls Campus Hostels | Charotar Education Society,"Safe, comfortable, and affordable on-campus hostel accommodation with hygienic dining, 24/7 security, Wi-Fi, and recreation for outstation students.",https://cesociety.in/assets/images/hero/hostel.jpeg,Boys & Girls Campus Hostels | Charotar Education Society,"Safe, comfortable, and affordable on-campus hostel accommodation with hygienic dining, 24/7 security, Wi-Fi, and recreation for outstation students.",https://cesociety.in/assets/images/hero/hostel.jpeg,https://cesociety.in/academic/hostels,"index, follow",TRUE
academic/others,Other Academic Units,/academic/others,Specialized Learning Centers & Institutes | CES Society,"Explore vocational training centers, community education units, and specialized skill development institutions under Charotar Education Society.","ces institutes, vocational centers, training institutes, skill development gujarat",Specialized Learning Centers & Institutes | CES Society,"Explore vocational training centers, community education units, and specialized skill development institutions under Charotar Education Society.",https://cesociety.in/assets/images/hero/others.jpeg,Specialized Learning Centers & Institutes | CES Society,"Explore vocational training centers, community education units, and specialized skill development institutions under Charotar Education Society.",https://cesociety.in/assets/images/hero/others.jpeg,https://cesociety.in/academic/others,"index, follow",TRUE
academic/school,Schools Network,/academic/school,"Pre-Primary, Primary & Secondary Schools | CES Society","Discover English and Gujarati medium schools managed by Charotar Education Society, nurturing young minds from kindergarten to higher secondary.","ces schools, best schools in anand, english medium schools, cbse gseb schools gujarat","Pre-Primary, Primary & Secondary Schools | CES Society","Discover English and Gujarati medium schools managed by Charotar Education Society, nurturing young minds from kindergarten to higher secondary.",https://cesociety.in/assets/images/hero/school.jpeg,"Pre-Primary, Primary & Secondary Schools | CES Society","Discover English and Gujarati medium schools managed by Charotar Education Society, nurturing young minds from kindergarten to higher secondary.",https://cesociety.in/assets/images/hero/school.jpeg,https://cesociety.in/academic/school,"index, follow",TRUE
achievements,Achievements,/achievements,"Awards, Recognitions & Achievements | Charotar Education Society","Celebrating university gold medals, state and national awards, research publications, and athletic achievements of CES students and faculty.","ces achievements, student awards, university gold medalists, sports recognition","Awards, Recognitions & Achievements | Charotar Education Society","Celebrating university gold medals, state and national awards, research publications, and athletic achievements of CES students and faculty.",https://cesociety.in/android-chrome-512x512.png,"Awards, Recognitions & Achievements | Charotar Education Society","Celebrating university gold medals, state and national awards, research publications, and athletic achievements of CES students and faculty.",https://cesociety.in/android-chrome-512x512.png,https://cesociety.in/achievements,"index, follow",TRUE
activities,Activities & Events,/activities,Co-Curricular & Cultural Activities | Charotar Education Society,"Vibrant student life featuring technical clubs, cultural events, sports tournaments, debating societies, and NSS/NCC youth programs.","student activities, cultural festivals, youth clubs, sports tournaments",Co-Curricular & Cultural Activities | Charotar Education Society,"Vibrant student life featuring technical clubs, cultural events, sports tournaments, debating societies, and NSS/NCC youth programs.",https://cesociety.in/android-chrome-512x512.png,Co-Curricular & Cultural Activities | Charotar Education Society,"Vibrant student life featuring technical clubs, cultural events, sports tournaments, debating societies, and NSS/NCC youth programs.",https://cesociety.in/android-chrome-512x512.png,https://cesociety.in/activities,"index, follow",TRUE
admission,Admissions,/admission,Admissions 2026-27 | Charotar Education Society,"Online admission procedures, eligibility criteria, application forms, and key dates for school and college programs under CES.","ces admissions, college admissions 2026, school admission gujarat, apply online",Admissions 2026-27 | Charotar Education Society,"Online admission procedures, eligibility criteria, application forms, and key dates for school and college programs under CES.",https://cesociety.in/android-chrome-512x512.png,Admissions 2026-27 | Charotar Education Society,"Online admission procedures, eligibility criteria, application forms, and key dates for school and college programs under CES.",https://cesociety.in/android-chrome-512x512.png,https://cesociety.in/admission,"index, follow",TRUE
alumni,Alumni Network,/alumni,Global Alumni Network | Charotar Education Society,"Connect with thousands of distinguished alumni of CES schools and colleges worldwide. Share memories, mentor students, and contribute to your alma mater.","ces alumni, charotar education society alumni, alumni network, alma mater",Global Alumni Network | Charotar Education Society,"Connect with thousands of distinguished alumni of CES schools and colleges worldwide. Share memories, mentor students, and contribute to your alma mater.",https://cesociety.in/assets/images/hero/alumni.jpeg,Global Alumni Network | Charotar Education Society,"Connect with thousands of distinguished alumni of CES schools and colleges worldwide. Share memories, mentor students, and contribute to your alma mater.",https://cesociety.in/assets/images/hero/alumni.jpeg,https://cesociety.in/alumni,"index, follow",TRUE
beneficiary-students,Beneficiary Students,/beneficiary-students,Rahatokarsh Fund Beneficiary Students | CES Society,Meet the inspiring students who received Rahatokarsh educational assistance and completed their degrees through community donor support.,"scholarship beneficiaries, student success stories, rahatokarsh recipients",Rahatokarsh Fund Beneficiary Students | CES Society,Meet the inspiring students who received Rahatokarsh educational assistance and completed their degrees through community donor support.,https://cesociety.in/assets/images/hero/benificiary-student.jpeg,Rahatokarsh Fund Beneficiary Students | CES Society,Meet the inspiring students who received Rahatokarsh educational assistance and completed their degrees through community donor support.,https://cesociety.in/assets/images/hero/benificiary-student.jpeg,https://cesociety.in/beneficiary-students,"index, follow",TRUE
blog,Blogs & Articles,/blog,Educational Blog & Campus Insights | Charotar Education Society,"Insights, thought leadership articles, student stories, and education analysis contributed by educators, faculty, and students at CES.","ces blog, education insights, student articles, teaching pedagogy, higher education blog",Educational Blog & Campus Insights | Charotar Education Society,"Insights, thought leadership articles, student stories, and education analysis contributed by educators, faculty, and students at CES.",https://cesociety.in/assets/images/hero/blog.jpeg,Educational Blog & Campus Insights | Charotar Education Society,"Insights, thought leadership articles, student stories, and education analysis contributed by educators, faculty, and students at CES.",https://cesociety.in/assets/images/hero/blog.jpeg,https://cesociety.in/blog,"index, follow",TRUE
blogs,Blogs,/blogs,Educational Articles & Faculty Blogs | CES Society,"Articles on educational trends, pedagogy, career guidance, and academic research contributed by educators at CES.","education blog, teaching articles, career guidance, student blogs",Educational Articles & Faculty Blogs | CES Society,"Articles on educational trends, pedagogy, career guidance, and academic research contributed by educators at CES.",https://cesociety.in/assets/images/hero/blog.jpeg,Educational Articles & Faculty Blogs | CES Society,"Articles on educational trends, pedagogy, career guidance, and academic research contributed by educators at CES.",https://cesociety.in/assets/images/hero/blog.jpeg,https://cesociety.in/blogs,"index, follow",TRUE
campus-life,Campus Life,/campus-life,Vibrant Campus Life | Charotar Education Society,"Explore the lively and holistic campus life, student associations, arts and music festivals, and sports facilities at CES.","campus life, student community, college environment, campus culture",Vibrant Campus Life | Charotar Education Society,"Explore the lively and holistic campus life, student associations, arts and music festivals, and sports facilities at CES.",https://cesociety.in/android-chrome-512x512.png,Vibrant Campus Life | Charotar Education Society,"Explore the lively and holistic campus life, student associations, arts and music festivals, and sports facilities at CES.",https://cesociety.in/android-chrome-512x512.png,https://cesociety.in/campus-life,"index, follow",TRUE
celebration,Celebrations & Centenary,/celebration,Celebrations & Milestones | Charotar Education Society,"Celebrate the milestones, centenary events, and historic celebrations commemorating over a century of transformative education by CES.","ces centenary, ces celebrations, centenary celebration, charotar education society events",Celebrations & Milestones | Charotar Education Society,"Celebrate the milestones, centenary events, and historic celebrations commemorating over a century of transformative education by CES.",https://cesociety.in/assets/images/hero/centenary-celebration.jpeg,Celebrations & Milestones | Charotar Education Society,"Celebrate the milestones, centenary events, and historic celebrations commemorating over a century of transformative education by CES.",https://cesociety.in/assets/images/hero/centenary-celebration.jpeg,https://cesociety.in/celebration,"index, follow",TRUE
colleges,Colleges & Institutes,/colleges,Affiliated Colleges & Institutes | Charotar Education Society,Directory of affiliated colleges and professional institutions operating under the aegis of Charotar Education Society.,"colleges in anand, degree engineering, science colleges, commerce colleges",Affiliated Colleges & Institutes | Charotar Education Society,Directory of affiliated colleges and professional institutions operating under the aegis of Charotar Education Society.,https://cesociety.in/assets/images/hero/college.jpeg,Affiliated Colleges & Institutes | Charotar Education Society,Directory of affiliated colleges and professional institutions operating under the aegis of Charotar Education Society.,https://cesociety.in/assets/images/hero/college.jpeg,https://cesociety.in/colleges,"index, follow",TRUE
committee,Committees,/committee,"Committees, Anti-Ragging & Cells | Charotar Education Society","Statutory campus committees including Anti-Ragging Committee, Women Grievance Cell, Internal Complaints Committee (ICC), and Student Council.","campus committees, anti-ragging cell, student grievances, governance","Committees, Anti-Ragging & Cells | Charotar Education Society","Statutory campus committees including Anti-Ragging Committee, Women Grievance Cell, Internal Complaints Committee (ICC), and Student Council.",https://cesociety.in/android-chrome-512x512.png,"Committees, Anti-Ragging & Cells | Charotar Education Society","Statutory campus committees including Anti-Ragging Committee, Women Grievance Cell, Internal Complaints Committee (ICC), and Student Council.",https://cesociety.in/android-chrome-512x512.png,https://cesociety.in/committee,"index, follow",TRUE
company/careers,Career Opportunities,/company/careers,Employment Opportunities & Current Openings | CES Society,Join the vibrant faculty and administrative team at Charotar Education Society. View open job positions and submit your application online.,"teaching vacancies, college lecturer jobs, school teacher vacancies gujarat, jobs at ces",Employment Opportunities & Current Openings | CES Society,Join the vibrant faculty and administrative team at Charotar Education Society. View open job positions and submit your application online.,https://cesociety.in/assets/images/hero/careers.jpeg,Employment Opportunities & Current Openings | CES Society,Join the vibrant faculty and administrative team at Charotar Education Society. View open job positions and submit your application online.,https://cesociety.in/assets/images/hero/careers.jpeg,https://cesociety.in/company/careers,"index, follow",TRUE
contact,Contact Us,/contact,Contact Charotar Education Society — Campus Address & Phone,"Get in touch with the central administrative office of Charotar Education Society in Anand, Gujarat. Office address, telephone numbers, and email contacts.","contact ces, ces address, phone number, email support, office location anand",Contact Charotar Education Society — Campus Address & Phone,"Get in touch with the central administrative office of Charotar Education Society in Anand, Gujarat. Office address, telephone numbers, and email contacts.",https://cesociety.in/assets/images/hero/contact-us.jpeg,Contact Charotar Education Society — Campus Address & Phone,"Get in touch with the central administrative office of Charotar Education Society in Anand, Gujarat. Office address, telephone numbers, and email contacts.",https://cesociety.in/assets/images/hero/contact-us.jpeg,https://cesociety.in/contact,"index, follow",TRUE
counselling,Student Counselling Services,/counselling,Student Guidance & Counselling Services | CES Society,"Confidential career guidance, personal mentoring, and psychological counselling services supporting student well-being and academic success across CES.","student counselling, career guidance, student welfare, mental health support",Student Guidance & Counselling Services | CES Society,"Confidential career guidance, personal mentoring, and psychological counselling services supporting student well-being and academic success across CES.",https://cesociety.in/assets/images/hero/counselling.jpeg,Student Guidance & Counselling Services | CES Society,"Confidential career guidance, personal mentoring, and psychological counselling services supporting student well-being and academic success across CES.",https://cesociety.in/assets/images/hero/counselling.jpeg,https://cesociety.in/counselling,"index, follow",TRUE
departments,Departments,/departments,Academic Departments & Degree Courses | CES Society,"Explore undergraduate, postgraduate, and doctoral degree departments spanning Science, Commerce, Arts, Computer Science, and Management.","academic departments, courses offered, degree programs, subjects",Academic Departments & Degree Courses | CES Society,"Explore undergraduate, postgraduate, and doctoral degree departments spanning Science, Commerce, Arts, Computer Science, and Management.",https://cesociety.in/android-chrome-512x512.png,Academic Departments & Degree Courses | CES Society,"Explore undergraduate, postgraduate, and doctoral degree departments spanning Science, Commerce, Arts, Computer Science, and Management.",https://cesociety.in/android-chrome-512x512.png,https://cesociety.in/departments,"index, follow",TRUE
donation,Make a Donation,/donation,Donate Online — Support Student Education | CES Society,Make a tax-deductible donation under 80G to the Rahatokarsh Fund. Your generosity helps underprivileged students pursue higher education.,"donate education, 80g tax benefit, donate to ces, student scholarship donation",Donate Online — Support Student Education | CES Society,Make a tax-deductible donation under 80G to the Rahatokarsh Fund. Your generosity helps underprivileged students pursue higher education.,https://cesociety.in/assets/images/hero/donate-now.jpeg,Donate Online — Support Student Education | CES Society,Make a tax-deductible donation under 80G to the Rahatokarsh Fund. Your generosity helps underprivileged students pursue higher education.,https://cesociety.in/assets/images/hero/donate-now.jpeg,https://cesociety.in/donation,"index, follow",TRUE
donner-list,Donor List,/donner-list,Generous Donors & Patrons Honor Roll | CES Society,"Acknowledging the visionary philanthropists, alumni, and community leaders who generously support the mission of Charotar Education Society.","ces donors, donor list, education benefactors, philanthropists gujarat",Generous Donors & Patrons Honor Roll | CES Society,"Acknowledging the visionary philanthropists, alumni, and community leaders who generously support the mission of Charotar Education Society.",https://cesociety.in/assets/images/hero/donor-list.jpeg,Generous Donors & Patrons Honor Roll | CES Society,"Acknowledging the visionary philanthropists, alumni, and community leaders who generously support the mission of Charotar Education Society.",https://cesociety.in/assets/images/hero/donor-list.jpeg,https://cesociety.in/donner-list,"index, follow",TRUE
error/error404,404 Page Not Found,/error/error404,Page Not Found (404) | Charotar Education Society,The page you were looking for does not exist or has been moved. Return to Charotar Education Society home page.,"404 not found, page error",Page Not Found (404) | Charotar Education Society,The page you were looking for does not exist or has been moved. Return to Charotar Education Society home page.,https://cesociety.in/android-chrome-512x512.png,Page Not Found (404) | Charotar Education Society,The page you were looking for does not exist or has been moved. Return to Charotar Education Society home page.,https://cesociety.in/android-chrome-512x512.png,https://cesociety.in/error/error404,"noindex, nofollow",TRUE
error/error500,500 Server Error,/error/error500,Server Error (500) | Charotar Education Society,An unexpected server error occurred. Please refresh or try again shortly.,"500 server error, system error",Server Error (500) | Charotar Education Society,An unexpected server error occurred. Please refresh or try again shortly.,https://cesociety.in/android-chrome-512x512.png,Server Error (500) | Charotar Education Society,An unexpected server error occurred. Please refresh or try again shortly.,https://cesociety.in/android-chrome-512x512.png,https://cesociety.in/error/error500,"noindex, nofollow",TRUE
fund,Rahatokarsh Fund,/fund,Rahatokarsh Student Support Fund | Charotar Education Society,"Dedicated charitable fund providing scholarships, tuition fee assistance, books, and financial support to deserving and underprivileged students.","rahatokarsh fund, student scholarships, student financial aid, education charity gujarat",Rahatokarsh Student Support Fund | Charotar Education Society,"Dedicated charitable fund providing scholarships, tuition fee assistance, books, and financial support to deserving and underprivileged students.",https://cesociety.in/assets/images/hero/rahatokarsh-fund-objective.jpeg,Rahatokarsh Student Support Fund | Charotar Education Society,"Dedicated charitable fund providing scholarships, tuition fee assistance, books, and financial support to deserving and underprivileged students.",https://cesociety.in/assets/images/hero/rahatokarsh-fund-objective.jpeg,https://cesociety.in/fund,"index, follow",TRUE
glory/gallery,Photo & Media Gallery,/glory/gallery,Campus Photo & Event Gallery | Charotar Education Society,"Browse photos and videos from annual functions, sports events, convocation ceremonies, cultural festivals, and campus celebrations.","ces photo gallery, campus photos, event pictures, convocation gallery",Campus Photo & Event Gallery | Charotar Education Society,"Browse photos and videos from annual functions, sports events, convocation ceremonies, cultural festivals, and campus celebrations.",https://cesociety.in/assets/images/hero/gallery.jpeg,Campus Photo & Event Gallery | Charotar Education Society,"Browse photos and videos from annual functions, sports events, convocation ceremonies, cultural festivals, and campus celebrations.",https://cesociety.in/assets/images/hero/gallery.jpeg,https://cesociety.in/glory/gallery,"index, follow",TRUE
glory/history-vj,Glory & History (VJ),/glory/history-vj,Glory & Historic Legacy | Charotar Education Society,"Explore the historical glory, archives, and inspiring milestones of Charotar Education Society and its prominent alumni and patrons.","ces glory, ces history, vj patel history, charotar history",Glory & Historic Legacy | Charotar Education Society,"Explore the historical glory, archives, and inspiring milestones of Charotar Education Society and its prominent alumni and patrons.",https://cesociety.in/assets/images/hero/vj-patel.jpeg,Glory & Historic Legacy | Charotar Education Society,"Explore the historical glory, archives, and inspiring milestones of Charotar Education Society and its prominent alumni and patrons.",https://cesociety.in/assets/images/hero/vj-patel.jpeg,https://cesociety.in/glory/history-vj,"index, follow",TRUE
infrastructure,Campus Infrastructure,/infrastructure,World-Class Campus Infrastructure | Charotar Education Society,"Modern classrooms, advanced research laboratories, auditorium, digital library, and sports complexes across CES educational campuses.","campus infrastructure, college labs, central library, sports grounds",World-Class Campus Infrastructure | Charotar Education Society,"Modern classrooms, advanced research laboratories, auditorium, digital library, and sports complexes across CES educational campuses.",https://cesociety.in/android-chrome-512x512.png,World-Class Campus Infrastructure | Charotar Education Society,"Modern classrooms, advanced research laboratories, auditorium, digital library, and sports complexes across CES educational campuses.",https://cesociety.in/android-chrome-512x512.png,https://cesociety.in/infrastructure,"index, follow",TRUE
ipcell,Intellectual Property Rights (IP Cell),/ipcell,"IP Cell — Patents, Copyrights & Trademarks | CES Society","Intellectual Property Cell facilitating patent filing, copyright registration, trademark protection, and research commercialization for faculty and students.","ces ip cell, patent filing, student patents, intellectual property rights, copyright registration","IP Cell — Patents, Copyrights & Trademarks | CES Society","Intellectual Property Cell facilitating patent filing, copyright registration, trademark protection, and research commercialization for faculty and students.",https://cesociety.in/assets/images/hero/ipcell.jpeg,"IP Cell — Patents, Copyrights & Trademarks | CES Society","Intellectual Property Cell facilitating patent filing, copyright registration, trademark protection, and research commercialization for faculty and students.",https://cesociety.in/assets/images/hero/ipcell.jpeg,https://cesociety.in/ipcell,"index, follow",TRUE
magazine,Magazine,/magazine,Annual Campus Magazine & Literary Publications | CES Society,"Annual institutional magazines, newsletters, and student literary contributions documenting campus life and academic excellence.","campus magazine, college publication, annual report, student articles",Annual Campus Magazine & Literary Publications | CES Society,"Annual institutional magazines, newsletters, and student literary contributions documenting campus life and academic excellence.",https://cesociety.in/assets/images/hero/magazine.jpeg,Annual Campus Magazine & Literary Publications | CES Society,"Annual institutional magazines, newsletters, and student literary contributions documenting campus life and academic excellence.",https://cesociety.in/assets/images/hero/magazine.jpeg,https://cesociety.in/magazine,"index, follow",TRUE
management,Management & Leadership,/management,Board of Management & Leadership | Charotar Education Society,"Meet the governing council, trustees, and management leadership guiding Charotar Education Society towards academic excellence and institutional growth.","ces management, ces trustees, charotar education society board, leadership team",Board of Management & Leadership | Charotar Education Society,"Meet the governing council, trustees, and management leadership guiding Charotar Education Society towards academic excellence and institutional growth.",https://cesociety.in/assets/images/hero/management.jpeg,Board of Management & Leadership | Charotar Education Society,"Meet the governing council, trustees, and management leadership guiding Charotar Education Society towards academic excellence and institutional growth.",https://cesociety.in/assets/images/hero/management.jpeg,https://cesociety.in/management,"index, follow",TRUE
micro-donner,Micro Donors,/micro-donner,Micro Donation Program | Charotar Education Society,Every rupee counts. Support individual student educational expenses through recurring micro-donations and grassroots giving.,"micro donations, small donations education, monthly student support, crowdfund education",Micro Donation Program | Charotar Education Society,Every rupee counts. Support individual student educational expenses through recurring micro-donations and grassroots giving.,https://cesociety.in/assets/images/hero/donor-list.jpeg,Micro Donation Program | Charotar Education Society,Every rupee counts. Support individual student educational expenses through recurring micro-donations and grassroots giving.,https://cesociety.in/assets/images/hero/donor-list.jpeg,https://cesociety.in/micro-donner,"index, follow",TRUE
more/campus,Campus Life & Facilities,/more/campus,"Campus Life, Amenities & Environment | Charotar Education Society","Experience student life across CES campuses — modern libraries, computer labs, sports grounds, green environment, and vibrant student clubs.","ces campus life, student facilities, campus infrastructure, student activities","Campus Life, Amenities & Environment | Charotar Education Society","Experience student life across CES campuses — modern libraries, computer labs, sports grounds, green environment, and vibrant student clubs.",https://cesociety.in/android-chrome-512x512.png,"Campus Life, Amenities & Environment | Charotar Education Society","Experience student life across CES campuses — modern libraries, computer labs, sports grounds, green environment, and vibrant student clubs.",https://cesociety.in/android-chrome-512x512.png,https://cesociety.in/more/campus,"index, follow",TRUE
more/career,Careers at CES,/more/career,Careers & Job Openings | Charotar Education Society,"Explore rewarding faculty and staff career opportunities with Charotar Education Society across our network of schools, colleges, and administrative offices.","ces careers, teaching jobs anand, professor vacancies gujarat, faculty jobs ces",Careers & Job Openings | Charotar Education Society,"Explore rewarding faculty and staff career opportunities with Charotar Education Society across our network of schools, colleges, and administrative offices.",https://cesociety.in/assets/images/hero/careers.jpeg,Careers & Job Openings | Charotar Education Society,"Explore rewarding faculty and staff career opportunities with Charotar Education Society across our network of schools, colleges, and administrative offices.",https://cesociety.in/assets/images/hero/careers.jpeg,https://cesociety.in/more/career,"index, follow",TRUE
more/gate-pass,Digital Gate Pass,/more/gate-pass,e-Gate Pass System | Charotar Education Society,"Official digital gate pass request and verification system for students, faculty, and campus visitors across CES institutes.","ces gate pass, campus gate pass, student out pass, digital visitor pass",e-Gate Pass System | Charotar Education Society,"Official digital gate pass request and verification system for students, faculty, and campus visitors across CES institutes.",https://cesociety.in/assets/images/hero/e-gate-pass.jpeg,e-Gate Pass System | Charotar Education Society,"Official digital gate pass request and verification system for students, faculty, and campus visitors across CES institutes.",https://cesociety.in/assets/images/hero/e-gate-pass.jpeg,https://cesociety.in/more/gate-pass,"index, follow",TRUE
more/news,News & Announcements,/more/news,Latest News & Official Announcements | Charotar Education Society,"Stay informed with latest updates, press releases, academic notifications, campus achievements, and notices from Charotar Education Society.","ces news, ces announcements, campus updates, educational news gujarat",Latest News & Official Announcements | Charotar Education Society,"Stay informed with latest updates, press releases, academic notifications, campus achievements, and notices from Charotar Education Society.",https://cesociety.in/android-chrome-512x512.png,Latest News & Official Announcements | Charotar Education Society,"Stay informed with latest updates, press releases, academic notifications, campus achievements, and notices from Charotar Education Society.",https://cesociety.in/android-chrome-512x512.png,https://cesociety.in/more/news,"index, follow",TRUE
more/tenders,Tenders & Procurement,/more/tenders,Tenders & Procurement Notices | Charotar Education Society,"Official procurement tenders, RFP notices, equipment purchasing bids, and civil works notifications issued by Charotar Education Society.","ces tenders, procurement notices, campus bids, rfp gujarat",Tenders & Procurement Notices | Charotar Education Society,"Official procurement tenders, RFP notices, equipment purchasing bids, and civil works notifications issued by Charotar Education Society.",https://cesociety.in/assets/images/hero/tenders-hub.jpeg,Tenders & Procurement Notices | Charotar Education Society,"Official procurement tenders, RFP notices, equipment purchasing bids, and civil works notifications issued by Charotar Education Society.",https://cesociety.in/assets/images/hero/tenders-hub.jpeg,https://cesociety.in/more/tenders,"index, follow",TRUE
naac,NAAC & Accreditations,/naac,NAAC Accreditations & IQAC | Charotar Education Society,"Internal Quality Assurance Cell (IQAC), NAAC accreditation grades, SSR documents, and academic quality assurance reports of CES colleges.","naac accreditation, iqac reports, college grade, quality assurance",NAAC Accreditations & IQAC | Charotar Education Society,"Internal Quality Assurance Cell (IQAC), NAAC accreditation grades, SSR documents, and academic quality assurance reports of CES colleges.",https://cesociety.in/android-chrome-512x512.png,NAAC Accreditations & IQAC | Charotar Education Society,"Internal Quality Assurance Cell (IQAC), NAAC accreditation grades, SSR documents, and academic quality assurance reports of CES colleges.",https://cesociety.in/android-chrome-512x512.png,https://cesociety.in/naac,"index, follow",TRUE
navratri,Navratri Festival Celebrations,/navratri,Grand Navratri Festival Celebrations | Charotar Education Society,Celebrate the traditional and vibrant Navratri Garba Mahotsav hosted across Charotar Education Society campuses with live streams and event schedules.,"ces navratri, garba mahotsav, navratri celebration, live garba streaming",Grand Navratri Festival Celebrations | Charotar Education Society,Celebrate the traditional and vibrant Navratri Garba Mahotsav hosted across Charotar Education Society campuses with live streams and event schedules.,https://cesociety.in/assets/images/hero/navratri.jpeg,Grand Navratri Festival Celebrations | Charotar Education Society,Celebrate the traditional and vibrant Navratri Garba Mahotsav hosted across Charotar Education Society campuses with live streams and event schedules.,https://cesociety.in/assets/images/hero/navratri.jpeg,https://cesociety.in/navratri,"index, follow",TRUE
news,News & Announcements,/news,Latest News & Events | Charotar Education Society,"Official announcements, academic notices, press releases, and campus activities happening across Charotar Education Society institutes.","ces news, campus events, notifications, announcements",Latest News & Events | Charotar Education Society,"Official announcements, academic notices, press releases, and campus activities happening across Charotar Education Society institutes.",https://cesociety.in/android-chrome-512x512.png,Latest News & Events | Charotar Education Society,"Official announcements, academic notices, press releases, and campus activities happening across Charotar Education Society institutes.",https://cesociety.in/android-chrome-512x512.png,https://cesociety.in/news,"index, follow",TRUE
placements,Placement Cell,/placements,Training & Placement Cell | Charotar Education Society,"Career development, campus recruitment drives, industry partnerships, and corporate placements connecting CES graduates with top employers.","placement cell, campus recruitment, hiring partners, job placements anand",Training & Placement Cell | Charotar Education Society,"Career development, campus recruitment drives, industry partnerships, and corporate placements connecting CES graduates with top employers.",https://cesociety.in/android-chrome-512x512.png,Training & Placement Cell | Charotar Education Society,"Career development, campus recruitment drives, industry partnerships, and corporate placements connecting CES graduates with top employers.",https://cesociety.in/android-chrome-512x512.png,https://cesociety.in/placements,"index, follow",TRUE
podcast,Next UP Podcast,/podcast,Next UP Podcast — Voices of CES Society,"Listen to engaging conversations, student discussions, interviews with distinguished academicians, and alumni talks on the official CES podcast.","ces podcast, next up podcast, student podcast, education audio episodes",Next UP Podcast — Voices of CES Society,"Listen to engaging conversations, student discussions, interviews with distinguished academicians, and alumni talks on the official CES podcast.",https://cesociety.in/assets/images/hero/nextup.jpeg,Next UP Podcast — Voices of CES Society,"Listen to engaging conversations, student discussions, interviews with distinguished academicians, and alumni talks on the official CES podcast.",https://cesociety.in/assets/images/hero/nextup.jpeg,https://cesociety.in/podcast,"index, follow",TRUE
project,Projects & Innovations,/project,Key Projects & Development Initiatives | Charotar Education Society,"Explore academic infrastructure projects, green campus initiatives, laboratory upgrades, and digital learning projects undertaken by CES.","ces projects, campus development, educational initiatives, student innovation projects",Key Projects & Development Initiatives | Charotar Education Society,"Explore academic infrastructure projects, green campus initiatives, laboratory upgrades, and digital learning projects undertaken by CES.",https://cesociety.in/android-chrome-512x512.png,Key Projects & Development Initiatives | Charotar Education Society,"Explore academic infrastructure projects, green campus initiatives, laboratory upgrades, and digital learning projects undertaken by CES.",https://cesociety.in/android-chrome-512x512.png,https://cesociety.in/project,"index, follow",TRUE
research,Research & Development,/research,Research & Development Cell | Charotar Education Society,"Promoting faculty and student research, funded projects, scientific publications, symposiums, and innovation laboratories at CES.","ces research, academic research, funded projects, research publications",Research & Development Cell | Charotar Education Society,"Promoting faculty and student research, funded projects, scientific publications, symposiums, and innovation laboratories at CES.",https://cesociety.in/android-chrome-512x512.png,Research & Development Cell | Charotar Education Society,"Promoting faculty and student research, funded projects, scientific publications, symposiums, and innovation laboratories at CES.",https://cesociety.in/android-chrome-512x512.png,https://cesociety.in/research,"index, follow",TRUE
sitemap,Website Sitemap,/sitemap,HTML Website Sitemap | Charotar Education Society,"Quickly navigate all sections, academic departments, schools, colleges, student services, and resource pages of the CES Society website.","ces sitemap, website navigation, all pages, site index",HTML Website Sitemap | Charotar Education Society,"Quickly navigate all sections, academic departments, schools, colleges, student services, and resource pages of the CES Society website.",https://cesociety.in/android-chrome-512x512.png,HTML Website Sitemap | Charotar Education Society,"Quickly navigate all sections, academic departments, schools, colleges, student services, and resource pages of the CES Society website.",https://cesociety.in/android-chrome-512x512.png,https://cesociety.in/sitemap,"index, follow",TRUE
social-activity,Social Activity & Outreach,/social-activity,Social Responsibility & Community Outreach | CES Society,"Discover social welfare programs, rural education initiatives, blood donation drives, and community empowerment activities led by CES Society.","ces social activity, csr education, community outreach, community service gujarat",Social Responsibility & Community Outreach | CES Society,"Discover social welfare programs, rural education initiatives, blood donation drives, and community empowerment activities led by CES Society.",https://cesociety.in/assets/images/hero/social-activity.jpeg,Social Responsibility & Community Outreach | CES Society,"Discover social welfare programs, rural education initiatives, blood donation drives, and community empowerment activities led by CES Society.",https://cesociety.in/assets/images/hero/social-activity.jpeg,https://cesociety.in/social-activity,"index, follow",TRUE
student-corner/answer-key,Exam Answer Keys,/student-corner/answer-key,Official Exam Answer Keys & Solutions | Student Corner,"Download official semester examination answer keys, model answers, and question solutions across CES affiliated colleges and courses.","ces answer keys, exam solutions, question paper answer keys, model papers",Official Exam Answer Keys & Solutions | Student Corner,"Download official semester examination answer keys, model answers, and question solutions across CES affiliated colleges and courses.",https://cesociety.in/assets/images/hero/answer-key.jpeg,Official Exam Answer Keys & Solutions | Student Corner,"Download official semester examination answer keys, model answers, and question solutions across CES affiliated colleges and courses.",https://cesociety.in/assets/images/hero/answer-key.jpeg,https://cesociety.in/student-corner/answer-key,"index, follow",TRUE
student-corner/magazine,Student Magazine (Balmitra),/student-corner/magazine,Balmitra & Student Magazines | Charotar Education Society,"Read digital editions of the historic Balmitra magazine and annual student campus publications showcasing essays, poetry, art, and research.","balmitra magazine, ces student magazine, annual magazine, student publications",Balmitra & Student Magazines | Charotar Education Society,"Read digital editions of the historic Balmitra magazine and annual student campus publications showcasing essays, poetry, art, and research.",https://cesociety.in/assets/images/hero/magazine.jpeg,Balmitra & Student Magazines | Charotar Education Society,"Read digital editions of the historic Balmitra magazine and annual student campus publications showcasing essays, poetry, art, and research.",https://cesociety.in/assets/images/hero/magazine.jpeg,https://cesociety.in/student-corner/magazine,"index, follow",TRUE
support/disclosure-policy,Mandatory Disclosure Policy,/support/disclosure-policy,Mandatory Public Disclosure & Accreditations | CES Society,"Public regulatory disclosures, government affiliations, university recognition, NAAC certificates, and statutory reports for CES institutes.","mandatory disclosure, aicte recognition, ugc compliance, naac accreditation",Mandatory Public Disclosure & Accreditations | CES Society,"Public regulatory disclosures, government affiliations, university recognition, NAAC certificates, and statutory reports for CES institutes.",https://cesociety.in/android-chrome-512x512.png,Mandatory Public Disclosure & Accreditations | CES Society,"Public regulatory disclosures, government affiliations, university recognition, NAAC certificates, and statutory reports for CES institutes.",https://cesociety.in/android-chrome-512x512.png,https://cesociety.in/support/disclosure-policy,"index, follow",TRUE
support/faqs,Frequently Asked Questions,/support/faqs,Frequently Asked Questions (FAQ) | Charotar Education Society,"Find quick answers to common questions regarding admissions, scholarships, hostel facilities, online payments, and student life at CES.","ces faq, admission questions, student help, questions and answers",Frequently Asked Questions (FAQ) | Charotar Education Society,"Find quick answers to common questions regarding admissions, scholarships, hostel facilities, online payments, and student life at CES.",https://cesociety.in/android-chrome-512x512.png,Frequently Asked Questions (FAQ) | Charotar Education Society,"Find quick answers to common questions regarding admissions, scholarships, hostel facilities, online payments, and student life at CES.",https://cesociety.in/android-chrome-512x512.png,https://cesociety.in/support/faqs,"index, follow",TRUE
support/privacy-policy,Privacy Policy,/support/privacy-policy,Privacy Policy | Charotar Education Society,"How Charotar Education Society collects, uses, protects, and handles your personal data, online admissions information, and donation records.","ces privacy policy, data protection, student data privacy",Privacy Policy | Charotar Education Society,"How Charotar Education Society collects, uses, protects, and handles your personal data, online admissions information, and donation records.",https://cesociety.in/android-chrome-512x512.png,Privacy Policy | Charotar Education Society,"How Charotar Education Society collects, uses, protects, and handles your personal data, online admissions information, and donation records.",https://cesociety.in/android-chrome-512x512.png,https://cesociety.in/support/privacy-policy,"index, follow",TRUE
support/refund-cancellation-policy,Refund & Cancellation Policy,/support/refund-cancellation-policy,Fee Refund & Donation Cancellation Policy | CES Society,"Official policy regarding student fee refunds, admission cancellations, transaction failures, and charitable donation refund guidelines.","refund policy, admission cancellation, fee refund rules",Fee Refund & Donation Cancellation Policy | CES Society,"Official policy regarding student fee refunds, admission cancellations, transaction failures, and charitable donation refund guidelines.",https://cesociety.in/android-chrome-512x512.png,Fee Refund & Donation Cancellation Policy | CES Society,"Official policy regarding student fee refunds, admission cancellations, transaction failures, and charitable donation refund guidelines.",https://cesociety.in/android-chrome-512x512.png,https://cesociety.in/support/refund-cancellation-policy,"index, follow",TRUE
support/terms,Terms & Conditions,/support/terms,Terms & Conditions of Service | Charotar Education Society,"Terms, conditions, and user agreement governing your use of Charotar Education Society websites, online payment portals, and digital services.","ces terms and conditions, terms of use, legal policy",Terms & Conditions of Service | Charotar Education Society,"Terms, conditions, and user agreement governing your use of Charotar Education Society websites, online payment portals, and digital services.",https://cesociety.in/android-chrome-512x512.png,Terms & Conditions of Service | Charotar Education Society,"Terms, conditions, and user agreement governing your use of Charotar Education Society websites, online payment portals, and digital services.",https://cesociety.in/android-chrome-512x512.png,https://cesociety.in/support/terms,"index, follow",TRUE
support/website-terms,Website Terms,/support/website-terms,Website Terms of Use & Disclaimers | CES Society,"Legal guidelines, copyright notices, and terms of use for visitors accessing the official website of Charotar Education Society.","website terms, copyright notices, terms of access",Website Terms of Use & Disclaimers | CES Society,"Legal guidelines, copyright notices, and terms of use for visitors accessing the official website of Charotar Education Society.",https://cesociety.in/android-chrome-512x512.png,Website Terms of Use & Disclaimers | CES Society,"Legal guidelines, copyright notices, and terms of use for visitors accessing the official website of Charotar Education Society.",https://cesociety.in/android-chrome-512x512.png,https://cesociety.in/support/website-terms,"index, follow",TRUE